{"packageId":"sh.surge.latebubble.twa","host":"late-bubble.surge.sh","name":"Magical Tiles","launcherName":"Magical Tiles","display":"standalone","themeColor":"#FFFFFF","navigationColor":"#000000","navigationColorDark":"#000000","navigationDividerColor":"#000000","navigationDividerColorDark":"#000000","backgroundColor":"#FFFFFF","enableNotifications":true,"startUrl":"/","iconUrl":"https://late-bubble.surge.sh/512.png","splashScreenFadeOutDuration":300,"signingKey":{"path":"/Users/admin/Desktop/applink/android.keystore","alias":"android"},"appVersionName":"1","appVersionCode":1,"shortcuts":[],"generatorApp":"bubblewrap-cli","webManifestUrl":"https://late-bubble.surge.sh/manifest.json","fallbackType":"customtabs","features":{"appsFlyer":{"enabled":true,"appsFlyerId":"BM2uZEZKkS3hjPmpRLN873"}},"alphaDependencies":{"enabled":false},"enableSiteSettingsShortcut":true,"isChromeOSOnly":false,"orientation":"any","fingerprints":[],"additionalTrustedOrigins":[],"retainedBundles":[],"appVersion":"1","start_url":"/"}